scan_time_utc,ticker,entry,tp,risk,company_specific,summary,reason,n_headlines
2026-08-10 17:20,UGA,117.44,142.34,unknown,,,,0
2026-08-10 17:20,EYE,22.42,26.92,unknown,,,,0
2026-08-10 17:20,ADM,79.99,94.82,unknown,,,,0
2026-08-10 17:53,NVDA,,,unknown,,,,8
2026-08-10 17:53,UPS,,,unknown,,,,8
2026-08-10 17:53,UGA,,,unknown,,,,6
2026-08-10 17:53,EYE,,,unknown,,,,8
2026-08-10 17:53,ADM,,,unknown,,,,8
2026-08-10 19:56,AAPL,,,unknown,,,,8,OK,8 usable article(s),False
2026-08-10 19:56,NVDA,,,unknown,,,,8,OK,8 usable article(s),False
2026-08-10 19:56,ADM,,,unknown,,,,0,NO_NEWS,FMP responded successfully but returned no usable recent articles,False
2026-08-10 20:16,ADM,,,unknown,,,,0,NO_NEWS,FMP responded successfully but returned no usable recent articles,False
2026-08-10 20:16,EYE,,,unknown,,,,0,NO_NEWS,FMP responded successfully but returned no usable recent articles,False
2026-08-10 20:16,UGA,,,unknown,,,,0,NO_NEWS,FMP responded successfully but returned no usable recent articles,False
2026-08-10 20:17,AAL,,,unknown,,,,1,OK,1 usable article(s),False
2026-08-10 20:17,GM,,,unknown,,,,1,OK,1 usable article(s),False
2026-08-10 20:17,NWS,,,unknown,,,,1,OK,1 usable article(s),False
